id_class,x_0,y_0,x_0,vx_0,vy_0,vz_0,jacobi,period,stability,propagated_periods
1.0,0.9929169307135736,-8.226346194924604e-28,0.17829076501648283,-1.576063106479554e-14,-0.26339036749250977,-5.3970588569060216e-14,2.988275272474,6.663069365506357,34.2378127037988,5.0
1.0,0.9457408313857225,-4.973361163181287e-28,0.15651269898090556,-4.673815258931786e-15,-0.19905236617209976,2.8304124291707364e-14,3.04029565057205,5.3930793316757795,35.0081225916803,5.0
1.0,0.9629906298110174,3.9644078161988105e-27,0.16730831370375643,-1.7621365444967896e-13,-0.0514805763003662,-2.948815826458246e-12,3.06525724768049,2.8441257452091278,2.99266080229522,5.0
1.0,0.9336427356725318,-6.267811679441335e-28,0.1516799311533296,-7.362666476728151e-15,-0.17375437933745602,-4.6835321539937786e-14,3.05494385098024,5.0633572622190774,30.8009363767177,5.0
1.0,0.9045278283016128,1.7464276719734504e-26,0.1433810087427891,-5.988705251830813e-16,-0.05725101055631933,-1.3671327501524064e-15,3.09082248134573,3.8189414516142293,3.58577008114646,5.0
1.0,1.0072176629347842,1.2747314060289883e-27,0.17361721732277263,4.0673772958619046e-13,-0.07832798223999628,9.138906991856784e-12,3.05810486310234,2.7496522830204455,1.0182553326636,5.0
1.0,0.9060622824093295,8.936095928806977e-27,0.14307597171486655,1.8674630795521615e-14,-0.07526127657422121,3.049285176147206e-15,3.08876433784869,4.021169677352382,8.24878727206843,5.0
1.0,0.905981343567756,8.932560184901447e-27,0.14307088152239866,3.9766583765218536e-14,-0.07463450578907926,-1.706089189477711e-14,3.08886440183743,4.01445903319955,7.87412514212385,5.0
1.0,0.9044843133790897,-3.013129910167069e-26,0.14371318409932546,-2.2369401490548456e-15,-0.05186322524171588,-7.287705567403683e-15,3.09103972082313,3.752878643951984,1.96173641794932,5.0
1.0,0.9098733233578103,2.7976892775381147e-27,0.14376611762762076,3.2633604580138322e-15,-0.09753134137053715,-1.620214722998892e-16,3.0841438528807,4.251650261716645,13.3296622272103,5.0
2.0,0.9929169307135736,-8.226346194924604e-28,-0.17829076501648283,-1.576063106479554e-14,-0.26339036749250977,5.3970588569060216e-14,2.988275272474,6.663069365506357,34.2378127037988,5.0
2.0,0.9457408313857225,-4.973361163181287e-28,-0.15651269898090556,-4.673815258931786e-15,-0.19905236617209976,-2.8304124291707364e-14,3.04029565057205,5.3930793316757795,35.0081225916803,5.0
2.0,0.9629906298110174,3.9644078161988105e-27,-0.16730831370375643,-1.7621365444967896e-13,-0.0514805763003662,2.948815826458246e-12,3.06525724768049,2.8441257452091278,2.99266080229522,5.0
2.0,0.9336427356725318,-6.267811679441335e-28,-0.1516799311533296,-7.362666476728151e-15,-0.17375437933745602,4.6835321539937786e-14,3.05494385098024,5.0633572622190774,30.8009363767177,5.0
2.0,0.9045278283016128,1.7464276719734504e-26,-0.1433810087427891,-5.988705251830813e-16,-0.05725101055631933,1.3671327501524064e-15,3.09082248134573,3.8189414516142293,3.58577008114646,5.0
2.0,1.0072176629347842,1.2747314060289883e-27,-0.17361721732277263,4.0673772958619046e-13,-0.07832798223999628,-9.138906991856784e-12,3.05810486310234,2.7496522830204455,1.0182553326636,5.0
2.0,0.9060622824093295,8.936095928806977e-27,-0.14307597171486655,1.8674630795521615e-14,-0.07526127657422121,-3.049285176147206e-15,3.08876433784869,4.021169677352382,8.24878727206843,5.0
2.0,0.905981343567756,8.932560184901447e-27,-0.14307088152239866,3.9766583765218536e-14,-0.07463450578907926,1.706089189477711e-14,3.08886440183743,4.01445903319955,7.87412514212385,5.0
2.0,0.9044843133790897,-3.013129910167069e-26,-0.14371318409932546,-2.2369401490548456e-15,-0.05186322524171588,7.287705567403683e-15,3.09103972082313,3.752878643951984,1.96173641794932,5.0
2.0,0.9098733233578103,2.7976892775381147e-27,-0.14376611762762076,3.2633604580138322e-15,-0.09753134137053715,1.620214722998892e-16,3.0841438528807,4.251650261716645,13.3296622272103,5.0
3.0,1.1335542208315903,-2.5570432534088373e-20,0.13128769965435086,0.0022099635964680266,-0.30378186073416186,0.21086082063586173,2.98532701947635,6.2255280676964215,209.562141438543,4.0
3.0,1.116284016487469,-2.5573669257139717e-20,0.175627749151788,-0.009229168244721319,-0.2451040175229344,0.11565799865478806,3.01424476315598,5.6588331866133155,224.390326259638,4.0
3.0,1.1088471810453249,-2.5575093696737212e-20,0.1946571671213248,-0.0017778508611550833,-0.22123137202813642,0.014982005089731104,3.02285929340567,5.5125396687160935,237.257972291463,4.0
3.0,1.1410783410538616,-2.557052134658451e-20,0.11058514557201733,0.008982727490576327,-0.3301863979862144,0.2503737545774768,2.96423580488463,6.6558709555445725,225.016645463703,4.0
3.0,1.1183445286496438,-2.5573125646695408e-20,0.17033192303314326,-0.008955060137099234,-0.25192239646657677,0.13046011416428918,3.01151749026624,5.707681383433692,221.120409895392,4.0
3.0,1.1264255540266257,-2.5570096991942618e-20,0.1495783344489001,-0.004386926682446174,-0.27927302568378704,0.17696324588946816,2.99913848063828,5.943251228203414,211.200114972629,4.0
3.0,1.1379889302444643,-2.5570505559264132e-20,0.11955601783170543,0.006462802184689128,-0.3191377363883963,0.23234331738636488,2.97434664806391,6.45344267020573,214.996198367089,4.0
3.0,1.1443103264203063,-2.557051879377188e-20,0.09713526881825674,0.010048599356311536,-0.34419227488619825,0.28428484375001445,2.94442132500198,7.006085917809304,259.14027781511,4.0
3.0,1.1115789327788208,-2.55731256392354e-20,0.18768894429522245,-0.007442048918366775,-0.22985717547477189,0.0710812128804565,3.01990579837977,5.561305030492042,232.414516367049,4.0
3.0,1.144478400214762,-2.5570518751635108e-20,0.09569204175406575,0.009887198620822315,-0.3454078127877184,0.2887048994776068,2.94180974900683,7.046742959964943,265.173203191106,4.0
4.0,1.0025376354752435,1.326134824380266e-26,7.327324649705724e-37,1.1105200843861384e-13,1.2745217358589525,-8.22940085123667e-34,2.98224205907734,7.074355172003094,1505.53544442607,2.0
4.0,1.0248477379061482,2.45230032902023e-28,5.856761013017887e-34,-1.0103434670251165e-14,0.7561712241857454,1.0263505663258327e-33,3.04054541711258,4.679402470478342,694.686878673555,3.0
4.0,1.0386146958557259,-5.33977951678046e-27,2.4633850633663866e-33,-1.609472866093063e-15,0.49496015730117304,-1.647075060254945e-32,3.19267913324345,1.1961909417829288,1.00000000010409,5.0
4.0,0.9946884194606349,-5.785710199207952e-29,3.532053654992189e-112,1.0172341724986095e-13,1.8844444314471405,3.6212409918624006e-109,2.95387269781138,8.761518775067225,2022.226206034,2.0
4.0,1.0485958775425557,6.985696427556294e-28,-2.225449578396601e-36,5.845251842997285e-15,0.5162845111795487,1.4042198375533804e-35,3.09560137625464,3.338258658790964,162.175117046529,4.0
4.0,1.0096376838997785,-8.703361635355697e-30,8.37953190389104e-107,-3.5523506760881154e-14,1.0323617079705045,5.582398248242686e-105,3.00250002863113,6.054989013143612,1225.43092398912,2.0
4.0,1.0408420184969291,-1.0049196798711891e-27,-1.5198499107659072e-35,-8.559206655527983e-15,0.5836470079046978,2.3600987828634477e-35,3.07755530987066,3.7385907747674456,294.515575272049,3.0
4.0,1.0600722836692718,1.0632962055349927e-28,1.0856183945635674e-35,8.461320538046113e-15,0.41975666480992474,-1.3363607527323176e-34,3.12665188709369,2.6382371990808666,35.4499748447114,5.0
4.0,0.998450533917486,-5.41981716410389e-27,1.1736576408991277e-37,4.932262234701361e-14,1.5084302079415504,6.1145454547852765e-33,2.96883691037919,7.858897286974109,1702.18464474429,2.0
4.0,0.9974029001422114,7.425534603744834e-29,1.3207734091391594e-46,1.4156769271893255e-13,1.5907516484724666,-2.7892408026615382e-43,2.9650211788496,8.090758382170412,1768.68531024216,2.0
5.0,0.09879787869518378,7.273728905377199e-27,1.4304412080015092e-31,3.145378392803669e-13,3.9916641336329457,6.655291664073142e-32,1.9110685268723,6.294404984712289,1.00016061049912,5.0
5.0,0.5117598749290131,8.047777825436464e-23,1.3469929879882825e-25,6.725628061711561e-13,1.168289808902111,-4.4937911395890755e-24,2.71910237037544,5.945595928858936,1.00000000001976,5.0
5.0,0.14926359051335755,2.264573636021054e-27,-1.3250661328118767e-31,-1.870439768606768e-12,3.195493252640675,-2.18899993772838e-31,2.08001503615513,6.283883256601344,1.00022184434401,5.0
5.0,0.5676150881552854,1.0308877946522935e-23,-2.1846442516772588e-25,4.349487438329403e-13,1.0079788187068777,-1.830527578585335e-24,2.77174731789977,5.769637613091079,1.00000000000796,5.0
5.0,0.06734467984038908,1.2900351682053469e-26,-1.4875928029430081e-31,-6.157711431297663e-12,4.8066420857526655,1.967638364745372e-30,1.78016469303882,6.299525300591466,1.00011623271424,5.0
5.0,0.6412074243749841,2.4073163339031685e-23,-1.559502974813528e-24,-1.1160191905707768e-14,0.8219796826163893,-1.3586798819878531e-24,2.82951549017295,5.381697264064478,1.00000000000381,5.0
5.0,0.036172160525499396,-1.7398665768475054e-26,4.442217602039922e-31,-2.4567614911405646e-13,6.268652518058425,-1.432342988589953e-29,1.61632240260994,6.303785084530842,1.00007305954027,5.0
5.0,0.37112206702008715,1.9535495357948942e-23,3.0108644066262874e-23,1.3198666636041058e-12,1.6693972030459188,-1.2787874260667068e-23,2.54506093301261,6.1700699689208625,1.00000000012476,5.0
5.0,0.8680392656895433,-5.333473667830907e-29,6.345832784517193e-36,-2.089494137596221e-14,0.47137789454930956,-9.170692646337002e-36,2.97875375379233,1.9217936187651121,1.00000000000625,5.0
5.0,0.03691093720044079,-5.790210107906599e-27,4.083340117129358e-31,1.7598170389153258e-13,6.2189985025923695,1.4676067658716834e-29,1.62079775531019,6.303691407352735,1.00007406229535,5.0
6.0,1.1335542208315903,-2.5570432534088373e-20,-0.13128769965435086,0.0022099635964680266,-0.30378186073416186,-0.21086082063586173,2.98532701947635,6.2255280676964215,209.562141438543,4.0
6.0,1.116284016487469,-2.5573669257139717e-20,-0.175627749151788,-0.009229168244721319,-0.2451040175229344,-0.11565799865478806,3.01424476315598,5.6588331866133155,224.390326259638,4.0
6.0,1.1088471810453249,-2.5575093696737212e-20,-0.1946571671213248,-0.0017778508611550833,-0.22123137202813642,-0.014982005089731104,3.02285929340567,5.5125396687160935,237.257972291463,4.0
6.0,1.1410783410538616,-2.557052134658451e-20,-0.11058514557201733,0.008982727490576327,-0.3301863979862144,-0.2503737545774768,2.96423580488463,6.6558709555445725,225.016645463703,4.0
6.0,1.1183445286496438,-2.5573125646695408e-20,-0.17033192303314326,-0.008955060137099234,-0.25192239646657677,-0.13046011416428918,3.01151749026624,5.707681383433692,221.120409895392,4.0
6.0,1.1264255540266257,-2.5570096991942618e-20,-0.1495783344489001,-0.004386926682446174,-0.27927302568378704,-0.17696324588946816,2.99913848063828,5.943251228203414,211.200114972629,4.0
6.0,1.1379889302444643,-2.5570505559264132e-20,-0.11955601783170543,0.006462802184689128,-0.3191377363883963,-0.23234331738636488,2.97434664806391,6.45344267020573,214.996198367089,4.0
6.0,1.1443103264203063,-2.557051879377188e-20,-0.09713526881825674,0.010048599356311536,-0.34419227488619825,-0.28428484375001445,2.94442132500198,7.006085917809304,259.14027781511,4.0
6.0,1.1115789327788208,-2.55731256392354e-20,-0.18768894429522245,-0.007442048918366775,-0.22985717547477189,-0.0710812128804565,3.01990579837977,5.561305030492042,232.414516367049,4.0
6.0,1.144478400214762,-2.5570518751635108e-20,-0.09569204175406575,0.009887198620822315,-0.3454078127877184,-0.2887048994776068,2.94180974900683,7.046742959964943,265.173203191106,4.0
7.0,0.8153268144628512,1.4583056257372745e-27,-2.4626833288262145e-14,-2.962836649102368e-14,0.30813763848009224,0.30963317741034174,3.00241086924291,4.022222931934484,234.110737323243,4.0
7.0,0.7867836178095782,-1.3032942132527262e-27,-1.9074481700367532e-15,2.7546990558674896e-15,0.422671450048674,0.12748323100903403,3.01790518859136,3.962833264142454,206.403881697403,4.0
7.0,0.8414369740047213,1.4462143876363124e-28,-4.6319418337690265e-15,-1.3066515582849909e-14,0.1951106790358413,0.3955878374575323,2.99401827096774,4.056041156593685,249.9320380206,4.0
7.0,0.7961414722096182,-7.830750355098803e-28,-7.088960218091751e-15,-9.933393441720206e-15,0.38562875044096895,0.20985670614710328,3.01214160573286,3.984470966115958,216.532206375887,4.0
7.0,0.8317747949679084,4.477212538944092e-28,-2.301200268391994e-14,-2.89727622118144e-14,0.23843474243025237,0.3678947767282847,2.99643624645927,4.046176957690711,245.300629069211,4.0
7.0,0.8350397607601453,-4.407635063348652e-28,-2.4427992310488216e-14,-2.7317050044033476e-14,0.22403629442607903,0.3777069402320574,2.99552576902055,4.049879737927072,247.037198969996,4.0
7.0,0.7948584711764772,-4.219913767831622e-28,-8.267910056307866e-15,-1.6877930421885823e-14,0.39072626288586726,0.20082999345951505,3.01289329872475,3.981618763915074,215.201304625034,4.0
7.0,0.8662171347358991,5.915225996613768e-28,-6.046574578466096e-14,-7.686265836952295e-14,0.06997334203391056,0.45015439621571146,2.9918734176101,4.064873591590153,254.094335580189,4.0
7.0,0.8644841664353894,8.770481225121511e-28,-4.2594394106836583e-14,-5.333584531268037e-14,0.07963817453036823,0.44708689958463355,2.9918203894891,4.065092944022775,254.197907672557,4.0
7.0,0.8565216169207461,-1.2306637285066792e-28,-8.10817807080817e-15,7.95987963422357e-15,0.12200447352003994,-0.43150151160252,2.99198210869435,4.064424136239147,253.88214702656,4.0
8.0,0.1069365651605656,2.1984768586959987e-24,0.9882059737671038,-2.3116110567080033e-12,0.8847904015678356,1.605941377901211e-12,1.23185547363217,3.10585003915734,311.008329212553,3.0
8.0,0.8236742993811592,5.71613027251549e-28,0.04460902401838438,1.7370473096255662e-15,0.1539451341336617,4.133977512476533e-15,3.15799284617109,2.7556198932201714,885.089065928695,3.0
8.0,0.9294375193427575,-7.8510076355694115e-25,0.2899885284035021,2.0930513048457273e-10,0.0817152263995363,-9.92952221840133e-10,2.94464109375124,2.1442206763032465,1.194446664181,5.0
8.0,0.3281123547695641,1.3860396658408293e-24,0.935812306633678,-8.478417919744091e-13,0.6638483831417586,7.666354585986514e-13,1.67231289799869,3.0859980910042575,261.776932481451,3.0
8.0,0.8233826656851065,-2.810321990978123e-28,0.011716876339834623,6.410866163093878e-16,0.12858227723714716,9.087150060232406e-16,3.17317325088153,2.743932459277878,1156.93622538362,3.0
8.0,-0.22644210898694078,1.2276762816909957e-23,0.9707256265741757,-8.580041723836927e-13,1.2185862842194763,3.9777787001184113e-13,0.569385557028526,3.1200295136295115,296.826441574291,3.0
8.0,0.9160299219417931,-9.430723355023587e-27,0.3424057551164347,1.572023366127958e-12,0.08844304800130351,-6.358352010463159e-12,2.89776924298243,2.3699137082967674,5.37749341171371,5.0
8.0,0.823415208909949,2.269013644128647e-27,0.02873379846922297,3.0894381519199213e-16,0.1389879056802334,7.057664325299266e-15,3.16738295150252,2.7484830090997665,1046.280129438,3.0
8.0,0.9252556329226483,-6.098814780389081e-26,0.3092812142015515,1.6567063590661233e-11,0.08284141592117283,-7.397795778188386e-11,2.9277460176111,2.234172881000953,2.38698033273073,5.0
8.0,0.622781875844164,-1.2699062892632128e-24,0.7669652298707097,-1.8009322784446446e-12,0.3703562812586449,2.5927467749737592e-12,2.2635773609024,3.0175944751017933,138.824700987764,4.0
9.0,0.1069365651605656,2.1984768586959987e-24,-0.9882059737671038,-2.3116110567080033e-12,0.8847904015678356,-1.605941377901211e-12,1.23185547363217,3.10585003915734,311.008329208578,3.0
9.0,0.8236742993811592,5.71613027251549e-28,-0.04460902401838438,1.7370473096255662e-15,0.1539451341336617,-4.133977512476533e-15,3.15799284617109,2.7556198932201714,885.089066010955,3.0
9.0,0.9294375193427575,-7.8510076355694115e-25,-0.2899885284035021,2.0930513048457273e-10,0.0817152263995363,9.92952221840133e-10,2.94464109375124,2.1442206763032465,1.19444666428821,5.0
9.0,0.3281123547695641,1.3860396658408293e-24,-0.935812306633678,-8.478417919744091e-13,0.6638483831417586,-7.666354585986514e-13,1.67231289799869,3.0859980910042575,261.776932507091,3.0
9.0,0.8233826656851065,-2.810321990978123e-28,-0.011716876339834623,6.410866163093878e-16,0.12858227723714716,-9.087150060232406e-16,3.17317325088153,2.743932459277878,1156.93622539264,3.0
9.0,-0.22644210898694078,1.2276762816909957e-23,-0.9707256265741757,-8.580041723836927e-13,1.2185862842194763,-3.9777787001184113e-13,0.569385557028526,3.1200295136295115,296.826441621212,3.0
9.0,0.9160299219417931,-9.430723355023587e-27,-0.3424057551164347,1.572023366127958e-12,0.08844304800130351,6.358352010463159e-12,2.89776924298243,2.3699137082967674,5.37749341169938,5.0
9.0,0.823415208909949,2.269013644128647e-27,-0.02873379846922297,3.0894381519199213e-16,0.1389879056802334,-7.057664325299266e-15,3.16738295150252,2.7484830090997665,1046.28012948405,3.0
9.0,0.9252556329226483,-6.098814780389081e-26,-0.3092812142015515,1.6567063590661233e-11,0.08284141592117283,7.397795778188386e-11,2.9277460176111,2.234172881000953,2.38698033269304,5.0
9.0,0.622781875844164,-1.2699062892632128e-24,-0.7669652298707097,-1.8009322784446446e-12,0.3703562812586449,-2.5927467749737592e-12,2.2635773609024,3.0175944751017933,138.82470098656,4.0
10.0,0.753503339001889,4.129277192088378e-24,-5.555056334816171e-25,4.538337919057618e-13,0.519678795431391,-1.1489402213962388e-23,2.98180613346199,4.743106667974956,107.074215483094,4.0
10.0,0.4720108344698573,2.3352374021929286e-22,-9.900006442332963e-26,-1.1048973352750499e-12,1.2465671032323085,-4.190377547315279e-25,2.79663613714202,7.387067838682264,88.8317358046194,3.0
10.0,0.7637900458293251,1.4717189032829725e-23,3.296154533348356e-25,1.5874255360679002e-13,0.4945502846219445,4.3263359909931706e-24,2.99345232040446,4.473122348737722,129.430638801359,4.0
10.0,0.6771893680286962,-2.4458084777784462e-23,-2.0498615187163818e-25,4.308284069508946e-13,0.6892733160224354,1.0059384362653474e-24,2.92778534698534,6.176288478545575,55.7037351337077,4.0
10.0,0.7186098763995911,-3.6740062512777683e-23,1.5718728237936428e-26,4.746459331930527e-13,0.5976094955376193,4.823576710339973e-25,2.95314191137541,5.51073473491601,69.6426908677944,4.0
10.0,0.7081600236162271,3.271663916191909e-23,2.2769331852755622e-26,3.239571443702707e-13,0.6204520850829266,2.904620742207673e-24,2.94625899494433,5.701356928706299,64.2581298069489,4.0
10.0,0.46731799714284095,-6.67431020876116e-23,-1.6980394585408818e-25,-5.464083591071272e-13,1.2620835430553445,-3.0039698788334174e-25,2.79281777566007,7.394222988861049,90.4970011143654,3.0
10.0,0.7115281185461974,-1.0492621476687583e-22,1.8398508454494835e-25,4.1481332367291667e-13,0.6130811320561182,-2.9463989837855654e-24,2.94842646830744,5.641721753070456,65.8128568002341,4.0
10.0,0.7864321656067608,-6.431494030451727e-28,-1.1710590636998412e-33,-1.3409546481798486e-14,0.42566123984347315,-5.967627468842104e-32,3.03194534358329,3.793020918847756,233.8342977562,4.0
10.0,0.8406426125905472,1.4625852137546529e-28,-6.865956708661407e-33,1.2118590447934676e-15,-0.030386182664024413,1.4524055550454938e-32,3.18757702524739,2.69427141383447,1328.76740416485,3.0
11.0,0.8840651755734782,5.827861933970792e-23,2.6974153915693697e-15,-4.3525725019485347e-13,-0.20564794771336314,-0.8828534341620852,2.39849101586683,6.087002945901124,192.506780728084,3.0
11.0,0.9204448097515201,-3.0420198286692497e-28,-7.653829928962034e-13,1.830078390065997e-12,-1.9522407655799643,-0.43350671712525995,-0.672931404235225,6.298669857855873,5.93300092671454,5.0
11.0,0.8660784441272003,-8.887565279830279e-28,-9.069815188387758e-13,9.798658223243724e-13,0.08973298282156411,-0.5666997005793925,2.87009551088624,5.202109204163649,168.627560794261,3.0
11.0,0.8971576166318308,1.7883706164060253e-28,1.2823978463823375e-12,-3.7028947146533494e-13,-0.5672251682357337,-1.060459500332712,1.79927577362108,6.22151739261644,158.440413521184,3.0
11.0,0.9166449574185975,1.1421221208629301e-29,-1.2062781171175242e-13,5.736713077743182e-14,-1.6292667258569495,-0.8591368254538468,-0.0839386876256146,6.2925047129862275,32.007184969817,5.0
11.0,0.8851899711289135,4.2926666704086516e-24,3.4454083387156057e-13,-5.777416847822178e-13,-0.2300658671010644,-0.8997938522739448,2.35944526472338,6.104014592763041,191.293825062281,3.0
11.0,0.8759765372955722,2.6344857690272693e-23,-2.7559087766286965e-11,1.7082355593072615e-11,-0.055156255808174376,-0.7568466976709989,2.63326465969673,5.906136666254075,191.494188874661,3.0
11.0,0.9174410713717257,-8.525583689402706e-29,-1.4902965089475176e-13,9.649892588203538e-14,-1.6930519989197836,-0.8035042325164029,-0.19985928081227,6.293923943614557,26.0677237001091,5.0
11.0,0.9200688480188419,-2.0666480157738892e-29,-7.91847047745244e-13,1.5364921182967479e-12,-1.9181405730745347,-0.5056263754183806,-0.610517943989324,6.298124802756512,8.14593617850005,5.0
11.0,0.8667666802099755,3.8702216383312794e-29,-1.437692916972607e-12,1.458925474004668e-12,0.08060213401307204,-0.5855072944444143,2.85054592832694,5.317668216140172,169.785229765744,3.0
12.0,1.1624149352930466,-3.737987354882632e-28,9.197773425813427e-15,1.4189473006271432e-14,-0.3212883601859157,-0.30150056336829145,2.97835692679358,4.392200665896629,158.568563841308,4.0
12.0,1.1991816052178887,-1.280143317320965e-27,-2.3776720693779574e-15,-7.295856630006703e-15,-0.39279849791518706,-0.1766388416945949,2.99854820245136,4.3434082619962116,141.599237840022,4.0
12.0,1.1716994511003593,-6.102803029821692e-28,7.85570434252764e-15,1.006831982308652e-14,-0.34091274022906015,-0.2740745273226755,2.98259650007633,4.38144591429553,155.086123191165,5.0
12.0,1.2073521249976864,3.0451873093522862e-27,1.4741555277285163e-15,-1.9020372754699277e-15,-0.4068211578725153,-0.13702088196475146,3.00421673567711,4.330780907509716,136.612169317878,4.0
12.0,1.1530861209907177,8.046710567274811e-28,2.4605624706965747e-15,8.220719174144079e-15,-0.30017913537429686,-0.32768941693192943,2.97472289944501,4.401641932643613,161.526676049223,4.0
12.0,1.2051297471809541,-3.753203381075382e-27,-1.115538063813806e-15,-6.209354612746694e-15,-0.4030605594721255,-0.14876603086509907,3.00263445610287,4.3342601510314385,138.016954394358,4.0
12.0,1.1232867514643787,-5.29080921874744e-28,1.5425139337771952e-14,-1.7435159357757855e-14,-0.2196009622595278,0.40657416636240107,2.96770675112747,4.420461817240073,167.173681340782,4.0
12.0,1.1914881198931457,3.4695488318215086e-28,3.883397669555266e-15,4.309404740577004e-15,-0.3790661779210687,-0.20769302483336727,2.99358954776645,4.354830349625054,145.867943869583,5.0
12.0,1.2031125463655352,1.553192552780138e-27,6.254568896369681e-16,-3.912593762466086e-15,-0.3996131430913281,-0.15872254766731736,3.00122431380706,4.337390437647922,139.26035935966,4.0
12.0,1.1243820288702309,-3.9284888444148867e-28,1.3583196817910913e-14,-1.602741540808335e-14,-0.2230298808138067,0.40374042889796824,2.96783079061788,4.420122247574874,167.07455322534,4.0
13.0,0.9917244733886207,3.6760848368338666e-28,0.13356899401822833,3.003366406324601e-12,-0.023905417982055338,-4.5624131474805504e-11,3.11568643642078,0.9306584276737064,1.00000049249757,5.0
13.0,1.0895866679458164,-3.6612330039936e-27,0.2016985733889109,1.0612683677362947e-14,-0.20747636286776489,-3.917721566356704e-14,3.01566686879364,2.4829089190914457,2.44096846963462,5.0
13.0,1.0529534960190923,-5.7470430838232945e-28,0.19737944599055737,1.1209007285641781e-14,-0.16139860870317346,-1.3813068929206532e-13,3.02346631184216,1.935064521843388,1.63034789868643,5.0
13.0,1.1624867314480332,5.320854889024194e-28,0.11823803593187786,3.0040388600499144e-16,-0.205445363449499,-3.643616223398217e-15,3.09790226433701,3.2865541966838494,205.514026734191,4.0
13.0,1.1783088445739167,3.7536718820719e-27,0.04941290356511746,-5.210753732691858e-16,-0.16855710438929342,8.575582167045348e-15,3.14168640082655,3.395340135094731,504.031877928839,4.0
13.0,1.15435218354829,1.0353156120424355e-27,0.1377255660031208,3.2628553506728814e-15,-0.21463503508525078,-9.072240267018669e-15,3.08093457659075,3.2274892410039087,134.596513657607,5.0
13.0,1.1422797385830803,-1.501654775801895e-27,0.1598714134300597,6.284303535866638e-15,-0.22253708311686773,-2.1824895474967027e-15,3.05983540627396,3.1287064403485987,71.9754833069638,5.0
13.0,1.1808642035668016,-2.3520990261654097e-27,0.005939154204077984,4.246412542365598e-15,-0.15606070452318438,2.657724153048852e-16,3.15196400318151,3.4152426401344433,604.495383261262,3.0
13.0,0.9971959137448706,3.446904891056308e-27,0.15290605925543996,-3.124806797951486e-12,-0.041466015267040385,4.2187084076945745e-11,3.08663574891132,1.1220623372447927,1.00000007259637,5.0
13.0,1.1718429482302104,3.102451297352368e-28,0.08706274518692267,-3.4855903777582165e-15,-0.18848804892217552,2.2879709986535105e-15,3.12125405613557,3.350353046891954,341.061040522308,4.0
14.0,0.9917244733886207,3.6760848368338666e-28,-0.13356899401822833,3.003366406324601e-12,-0.023905417982055338,4.5624131474805504e-11,3.11568643642078,0.9306584276737064,1.00000034486584,5.0
14.0,1.0895866679458164,-3.6612330039936e-27,-0.2016985733889109,1.0612683677362947e-14,-0.20747636286776489,3.917721566356704e-14,3.01566686879364,2.4829089190914457,2.440968469627,5.0
14.0,1.0529534960190923,-5.7470430838232945e-28,-0.19737944599055737,1.1209007285641781e-14,-0.16139860870317346,1.3813068929206532e-13,3.02346631184216,1.935064521843388,1.63034789870279,5.0
14.0,1.1624867314480332,5.320854889024194e-28,-0.11823803593187786,3.0040388600499144e-16,-0.205445363449499,3.643616223398217e-15,3.09790226433701,3.2865541966838494,205.514026724754,4.0
14.0,1.1783088445739167,3.7536718820719e-27,-0.04941290356511746,-5.210753732691858e-16,-0.16855710438929342,-8.575582167045348e-15,3.14168640082655,3.395340135094731,504.031877960809,4.0
14.0,1.15435218354829,1.0353156120424355e-27,-0.1377255660031208,3.2628553506728814e-15,-0.21463503508525078,9.072240267018669e-15,3.08093457659075,3.2274892410039087,134.59651365528,5.0
14.0,1.1422797385830803,-1.501654775801895e-27,-0.1598714134300597,6.284303535866638e-15,-0.22253708311686773,2.1824895474967027e-15,3.05983540627396,3.1287064403485987,71.9754833066417,5.0
14.0,1.1808642035668016,-2.3520990261654097e-27,-0.005939154204077984,4.246412542365598e-15,-0.15606070452318438,-2.657724153048852e-16,3.15196400318151,3.4152426401344433,604.495383298496,3.0
14.0,0.9971959137448706,3.446904891056308e-27,-0.15290605925543996,-3.124806797951486e-12,-0.041466015267040385,-4.2187084076945745e-11,3.08663574891132,1.1220623372447927,1.00000005923357,5.0
14.0,1.1718429482302104,3.102451297352368e-28,-0.08706274518692267,-3.4855903777582165e-15,-0.18848804892217552,-2.2879709986535105e-15,3.12125405613557,3.350353046891954,341.061040516822,4.0
15.0,1.1500219067339355,2.127089595236567e-28,-1.2829345344874446e-34,4.791719215191559e-16,0.030124707016965818,-5.6760978168720715e-33,3.17149537630264,3.3745183903884826,722.520688825282,3.0
15.0,1.000118373355462,7.37471059554507e-27,-1.0502766518108665e-35,-1.1421417235342459e-14,1.4108413908277564,-7.80911460104367e-33,2.94221978611772,6.191873172493264,52.6649137498166,4.0
15.0,1.019771764910981,4.755117522154614e-27,-1.1750682341201144e-34,-2.8141318796340364e-14,0.8496896298597381,-9.994429128883352e-33,2.99380172176503,4.665582975803159,97.7043292348817,4.0
15.0,1.0271819579383048,-2.4602092126463547e-28,-4.217661608464875e-33,-1.977464543070386e-15,0.751470881991005,-5.75677613190912e-30,3.00916348192969,4.38261707188896,120.275259192978,4.0
15.0,1.0665182335647687,-9.03776178538966e-29,-6.443178410444663e-36,1.0319587510740085e-14,0.4454256412004867,6.284927483465213e-34,3.07957024355173,3.685598721668426,287.600048019897,4.0
15.0,0.9941402671217328,2.8395307655729856e-27,7.961678339417048e-36,-1.251125466254019e-13,1.9748718172217026,-2.269014427595632e-32,2.91448142091342,7.165328700152606,50.8046148161828,3.0
15.0,1.1262549344344874,-4.4651699121189644e-29,-4.4429028564717334e-33,1.4940127647492127e-15,0.1480780196237514,2.75557034731059e-33,3.15759910088526,3.4030356077965704,637.572412644617,3.0
15.0,0.9971033226417848,-3.6469744736503946e-26,1.8254830337545098e-35,-8.63264082658398e-14,1.6271762558067817,-1.4379681334286944e-32,2.93014010476027,6.630712979762991,49.8417205470081,4.0
15.0,1.0023268811505506,-1.748695261224789e-27,1.3883139296188163e-35,1.3329818385676217e-14,1.2965313466711055,5.129457678909183e-33,2.94972088874724,5.922022424438645,56.0268566435359,3.0
15.0,1.0911249009717154,-9.801911310945049e-28,-2.850573800744047e-35,5.806590592619497e-15,0.31599631397292754,-9.373627052327085e-34,3.11676170767358,3.5179271275312556,429.26149499279,4.0
16.0,1.0668686716222715,-2.2615280447993354e-25,3.4646150203536553e-14,-1.7614841192755174e-13,-1.283621265970295,1.0068249765293176,0.615376973395069,6.273953458989927,89.0165693299548,4.0
16.0,1.0633678831468976,-5.681919880554555e-25,-9.571129650750302e-14,-1.0523456743023677e-13,-1.6569508038710494,0.850353620972053,-0.179071481347243,6.28834909609471,35.7917892881431,5.0
16.0,1.0625178536650994,9.978677066794382e-25,-2.2001113609343706e-14,-2.4935992077895753e-14,-1.7790203701835618,0.752328148091505,-0.438086143561995,6.291447350777829,23.1449580327303,5.0
16.0,1.065663686102163,-1.3172040326415978e-24,2.638726512621243e-14,-1.9928857998660093e-13,-1.3938533095882306,0.9786932937850001,0.380329134246509,6.279241560587839,71.0254749047022,4.0
16.0,1.0630768189821118,-1.0442344305412886e-24,-1.220115965970123e-13,-9.790810845070946e-14,-1.696894631495578,0.8216103686484106,-0.263855835726929,6.289424690876988,31.3965602998277,5.0
16.0,1.0617868125811143,2.546143017953434e-24,-4.8270577540983e-14,-3.806596742479494e-14,-1.8990762973418132,0.6179458161685061,-0.692606490741033,6.294016040785235,12.9786348999764,5.0
16.0,1.0652669562018202,2.3811204859276386e-24,8.80744519259933e-15,-1.73362413143253e-13,-1.433784420009558,0.9650858710270963,0.29529819723395,6.280901446826671,64.9751211661234,4.0
16.0,1.0678844762164341,4.455178528212581e-25,2.6756154724339248e-14,-6.314332829296361e-14,-1.2016934342563768,1.019216464104579,0.790430890761482,6.269185556426403,103.583944581353,4.0
16.0,1.0649945367836546,3.2185435076348314e-25,-1.1349150689703262e-14,-1.5435486138450155e-13,-1.4623839040223885,0.9541604088127225,0.23442982675412,6.282019229330428,60.7958994590656,5.0
16.0,1.0947565369430678,-3.6403251571470634e-24,5.007053187525528e-14,-8.691735395353205e-14,-0.37905666793806675,0.679164520749946,2.60573673805665,5.907378687711373,231.473943213803,4.0
17.0,-1.6724064400118583,4.340583829091718e-25,6.544384142580475e-13,2.6069904197993247e-12,1.726811747241058,0.4355281498929582,0.824511225003041,6.2645691866998074,1.16053885934789,5.0
17.0,-1.8949383979585674,1.526668363194678e-25,1.8272698409211553e-11,-3.3190426639036066e-11,1.6724949516087295,-0.04247397287842015,1.84952545422856,6.261645397739258,1.05225725742372,5.0
17.0,-1.0658671578016392,-2.796159587013701e-24,7.923923280368597e-13,1.4521020941179114e-12,1.522306316061029,0.8176572449238586,0.0369069479092557,6.266595637755254,1.11480065820496,5.0
17.0,-1.0785275766909077,-8.76520948960005e-24,4.980245951765387e-13,1.816507387268473e-12,1.5283519813759299,0.8076629126349018,0.0395236508475046,6.266590190452267,1.1150436607147,5.0
17.0,-1.8833055976440713,-4.071747028894032e-25,2.94533541280309e-11,1.3322640601182976e-11,1.6810574380948526,0.13030779679217722,1.7682409181121,6.261864595613459,1.07139545337226,5.0
17.0,-1.366608926729543,-1.6544075136682848e-23,3.828750097523201e-12,3.977769002115724e-12,1.6501121694576322,0.6170533812785244,0.232979668687869,6.266156650788654,1.13184689804156,5.0
17.0,-1.6301093818670775,1.4412712541897098e-24,6.713530809847159e-12,7.285159395333994e-12,1.7220774172130517,0.4640263737616828,0.706773752827344,6.264905409023662,1.15845212368188,5.0
17.0,-1.259393039130267,-2.4733143569383342e-23,-7.082871900242456e-14,2.7203049860166035e-12,1.608476999262457,0.6815229313917189,0.129266381529685,6.266396357461263,1.12314282631288,5.0
17.0,-1.3136282512745834,-4.930473805666418e-24,4.997816393019923e-12,3.7941007412811385e-12,1.6301557581261554,0.6482520672070812,0.176582409366392,6.266288968115927,1.12720920104124,5.0
17.0,-1.3432232601694825,1.4554767555192615e-23,3.2338556501416555e-12,3.490971789846188e-12,1.6414627825750714,0.6306915138455408,0.206792490029231,6.26621865432205,1.12972312312732,5.0
18.0,-0.14360301800504424,3.148348422283942e-27,1.9073638794804362,5.765614944420615e-12,0.10492095098757444,-5.621972477772307e-12,1.05394689563315,5.904473375765116,1.00000336398939,5.0
18.0,-0.0825704487163329,3.6680921280538906e-25,1.8573839409123987,-9.45166760769707e-10,0.05911408157297632,8.876267526777639e-10,1.07759528882925,5.650545322629514,1.00003322741586,5.0
18.0,-0.0694260924973339,1.368173535911015e-22,1.8337639512889263,-1.2773303794766629e-09,0.049276775621547156,1.2429753795281901e-09,1.0907480346302,5.539817906236073,1.00013835297649,5.0
18.0,-0.09537370470177331,-5.78020130295457e-26,1.8738703739527844,-6.303216916911518e-10,0.0687045863477489,5.78020528719838e-10,1.0689062916635,5.729851820751254,1.00002477785034,5.0
18.0,-1.6669701112128927,3.938504807327809e-23,0.35702078280058613,-6.702857760491812e-13,1.2567492995230665,-5.062645983202109e-13,2.3754962716657,6.238658512218968,1.3715021541755,5.0
18.0,-1.696627625824832,-5.675868999900292e-23,0.02269528419576769,-5.353049689713593e-13,1.2794686140963931,-3.505407259849844e-14,2.42333665988271,6.239145580621903,1.38280307604748,5.0
18.0,-1.6370599425572872,3.109503676489225e-23,0.5037474152237116,-5.09505291641104e-13,1.2338658420215827,-6.237190833725042e-13,2.32798624155987,6.23813952378486,1.36038084523619,5.0
18.0,-0.7177843474810894,1.783015139635607e-24,1.777863881435685,6.424966415224397e-12,0.54025604080985,-8.296005921241578e-12,1.26609642756536,6.193945635837204,1.14414286058733,5.0
18.0,-0.5834449689929959,4.311929866823724e-23,1.843105344132143,7.829997309718224e-12,0.4384923420261744,-9.118765323539284e-12,1.1820484031309,6.176170071304304,1.12037235378506,5.0
18.0,-1.180608012188465,-1.2879562689742046e-23,1.3972069020439999,-2.9244527771342355e-12,0.8883181877719257,-1.820874858261381e-12,1.69886391973924,6.225366421313278,1.22695641345416,5.0
19.0,-0.14360301800504424,3.148348422283942e-27,-1.9073638794804362,5.765614944420615e-12,0.10492095098757444,5.621972477772307e-12,1.05394689563315,5.904473375765116,1.00000336398939,5.0
19.0,-0.0825704487163329,3.6680921280538906e-25,-1.8573839409123987,-9.45166760769707e-10,0.05911408157297632,-8.876267526777639e-10,1.07759528882925,5.650545322629514,1.00003322741586,5.0
19.0,-0.0694260924973339,1.368173535911015e-22,-1.8337639512889263,-1.2773303794766629e-09,0.049276775621547156,-1.2429753795281901e-09,1.0907480346302,5.539817906236073,1.00013835297649,5.0
19.0,-0.09537370470177331,-5.78020130295457e-26,-1.8738703739527844,-6.303216916911518e-10,0.0687045863477489,-5.78020528719838e-10,1.0689062916635,5.729851820751254,1.00002477785034,5.0
19.0,-1.6669701112128927,3.938504807327809e-23,-0.35702078280058613,-6.702857760491812e-13,1.2567492995230665,5.062645983202109e-13,2.3754962716657,6.238658512218968,1.3715021541755,5.0
19.0,-1.696627625824832,-5.675868999900292e-23,-0.02269528419576769,-5.353049689713593e-13,1.2794686140963931,3.505407259849844e-14,2.42333665988271,6.239145580621903,1.38280307604748,5.0
19.0,-1.6370599425572872,3.109503676489225e-23,-0.5037474152237116,-5.09505291641104e-13,1.2338658420215827,6.237190833725042e-13,2.32798624155987,6.23813952378486,1.36038084523619,5.0
19.0,-0.7177843474810894,1.783015139635607e-24,-1.777863881435685,6.424966415224397e-12,0.54025604080985,8.296005921241578e-12,1.26609642756536,6.193945635837204,1.14414286058733,5.0
19.0,-0.5834449689929959,4.311929866823724e-23,-1.843105344132143,7.829997309718224e-12,0.4384923420261744,9.118765323539284e-12,1.1820484031309,6.176170071304304,1.12037235378506,5.0
19.0,-1.180608012188465,-1.2879562689742046e-23,-1.3972069020439999,-2.9244527771342355e-12,0.8883181877719257,1.820874858261381e-12,1.69886391973924,6.225366421313278,1.22695641345416,5.0
20.0,-1.6808079841031414,4.713534658964711e-23,-4.331180370568197e-19,7.606665294376876e-12,1.2502884482658247,1.9377252771666645e-21,2.45500549212467,6.238004714938459,1.3988758350643,5.0
20.0,-1.325666654245383,-2.208978293119788e-24,2.5580757253829323e-22,1.3040118074226354e-12,0.610123592950168,-2.957185711421898e-22,2.89977520609367,6.2223137217159366,1.61991458142015,5.0
20.0,-1.5991372011019336,-3.082311237536526e-23,1.2964801265071672e-21,9.954589574991395e-12,1.1020772375825854,1.0203578400783117e-22,2.59699646895509,6.232924201248874,1.46995983777126,5.0
20.0,-1.2949040744251108,2.647556074199213e-24,3.6735712913537873e-23,1.4155646284063551e-12,0.5539565571756404,-2.514592219444924e-22,2.92075573216079,6.221581877146972,1.63043450584746,5.0
20.0,-1.7580895213046386,8.012729098561215e-24,-1.1183267687627825e-20,6.986771421459014e-12,1.3938944864812564,-7.911224183062466e-22,2.28838353602296,6.2441468959281945,1.31224537668198,5.0
20.0,-1.2552400035499447,6.49563415828409e-24,4.6485417727851013e-23,7.255867101885844e-13,0.48101158023295093,2.3439079756669054e-24,2.94443482749051,6.22075565675665,1.64234870978823,5.0
20.0,-1.8804681158131997,1.8634514359422195e-24,5.067038092838183e-22,-1.1479481393876317e-11,1.6372083555150405,4.83581284790818e-21,1.9216562743397,6.258869756790611,1.09357096682137,5.0
20.0,-1.409145207248223,-4.248186845743894e-24,1.390313015775652e-21,4.818063076870942e-12,0.7611607310458269,3.3201163290776373e-22,2.83071215677792,6.2247227126545654,1.58548964142542,5.0
20.0,-1.1313241728136725,8.70636041470541e-25,-5.6644764668365734e-24,4.4199956495001106e-13,0.2481397896943947,1.4065378958438098e-22,2.99510770062103,6.218986038093038,1.66801009997228,5.0
20.0,-1.8767293712098734,-8.559455781312782e-24,1.3961524395270428e-21,-8.593328896990706e-12,1.629246129706007,9.587560819678833e-22,1.93574876533103,6.258261780980122,1.1030842978926,5.0
21.0,0.2808464712707543,2.1118180678149203e-23,0.9535041744456244,-2.2788215821848493e-11,-1.2828277740791496,-6.313204411965864e-12,0.434339283607652,6.260043029131428,1.18587999284569,5.0
21.0,-0.6998858095760891,-1.9714140624369003e-23,0.717273125192252,2.9007039586337185e-11,-0.30437861074647293,4.2997742597487396e-11,2.39864912464761,6.250816589623203,1.55983351156766,5.0
21.0,1.1605428447191228,-1.9548112410848205e-30,0.09151080229158698,6.15769285333151e-14,-2.109862337042539,3.394666247199598e-14,-1.30067252652619,6.930521986738108,1.0,5.0
21.0,1.1531315173837922,9.270305297755627e-29,0.10866857492835803,1.0418757194448107e-13,-2.104213805630062,3.81419371303485e-14,-1.28700593420207,6.912770272080708,1.0,5.0
21.0,-0.5216800899419802,-3.45559156979962e-24,0.8537233971614968,1.9901562349707475e-11,-0.48213191740816785,2.1492530079242757e-11,2.04090591911691,6.2515669949527926,1.4889067017349,5.0
21.0,0.9167744895812964,-3.366412420321654e-23,0.4277333411477705,7.819432508983796e-12,-1.9137639094424612,-9.551593954159381e-13,-0.834072275267918,6.371982844800159,1.00498228987373,5.0
21.0,0.4002104121139594,-3.8562203208911436e-23,0.9092771455063939,1.0630372977013998e-10,-1.401954750904347,2.5660435405296206e-11,0.19597874330723,6.2633665683242565,1.14330371653549,5.0
21.0,0.9999825345866057,-1.2279242525217675e-22,0.30228000228549157,-2.9915908445360153e-13,-1.987136919168373,1.366588640198789e-13,-0.998038490283699,6.514381030842203,1.00953912279477,5.0
21.0,0.9570335175510551,-1.4657484705786013e-22,0.3638289001820648,5.04851002841628e-12,-1.9505835532073186,-3.2557658800754625e-13,-0.913834276851561,6.426702335042373,1.00743638146892,5.0
21.0,0.9345617828080587,-1.142784248857812e-22,0.3992499916055143,5.269858559436011e-12,-1.9302895547371017,-4.846908165320054e-13,-0.86937552237743,6.393064841424217,1.00596970035613,5.0
22.0,0.5017257390371466,0.3171453130233324,0.1,-0.5001192558902647,0.6395960930903823,0.514595626687433,2.69736776068175,5.998979622218734,2.07160824025706,5.0
22.0,0.7536770760405421,0.20537368391217103,0.1,-0.09196016989384989,0.4522756881906049,0.21135657343007982,2.89900448635413,4.139938050788267,5.12931873200818,5.0
22.0,0.8215799593464203,0.11176813869491359,0.1,-0.0861778476566046,0.3745653001206302,0.2451112825496736,2.92048509277476,3.293493676287715,5.25553452285636,5.0
22.0,0.6483417460329796,0.2973376388549014,0.1,-0.2032396883201357,0.5526510484577218,0.24936004380079085,2.85439725559322,5.129348507312735,3.88766760232653,5.0
22.0,0.4691715111754057,0.31882468032699085,0.1,-0.5807506277003309,0.4435275633515628,0.853804870632034,2.47005920791926,6.209044217653695,1.16692494543798,5.0
22.0,0.6737346858423461,0.2820416206544383,0.1,-0.16845710661237787,0.529192277753021,0.2326606900191753,2.86709843763861,4.92753997923246,4.1828148821671,5.0
22.0,0.6036955814079257,0.3151227275390381,0.1,-0.27534388832433976,0.5921424545691746,0.2917005098483852,2.82671969693125,5.441375364881889,3.37580818375393,5.0
22.0,0.49660675995122255,0.31605676164908425,0.1,-0.5139688142732661,0.6358345832169874,0.5370758963994905,2.6842512663726,6.023222324313762,1.98772711342563,5.0
22.0,0.7880726946820086,0.15916169060288438,0.1,-0.08037169393458604,0.41586381877435313,0.22057769204452427,2.91044233694964,3.7213578911332315,5.39702818597619,5.0
22.0,0.5876427711405426,0.5835217031089218,0.1,0.03962742266780062,-0.29370022618077113,0.9906686435841355,1.99488445621518,6.292753720846866,1.00151007647121,5.0
24.0,0.487849413449431,1.4160241229284911,1.6079183148714976e-34,0.8288712202397719,-0.42166664918493724,-1.9175912813360903e-34,2.71010871021417,6.430804829723182,1.0,5.0
24.0,0.487849413449431,0.9415254307356761,8.865062593029175e-25,0.11744123642419711,-0.048897263162329715,-4.9380887146031075e-25,2.98436219398491,6.579677864553898,1.0,5.0
24.0,0.487849413449431,1.4752174735141173,1.4738959427672268e-32,1.0286389945059438,-0.7830350597801781,1.9383337607771126e-32,2.02700888295259,6.28683591885252,1.0,5.0
24.0,0.487849413449431,1.476158736722556,6.637733040334181e-22,1.0295280878354844,-0.7817680452584611,-9.204033683614441e-22,2.02920519244229,6.287085027656567,1.0,5.0
24.0,0.487849413449431,1.0672112349277276,-4.868200898115204e-24,0.30662441351425407,-0.13439655746101917,1.4266898007427e-24,2.9618810649636,6.562019351247583,1.0,5.0
24.0,0.487849413449431,1.518853047351354,2.4190436193866458e-23,1.0572833171810707,-0.6959324797751963,-5.9186536213324e-23,2.19349555877756,6.308417644686905,1.0,5.0
24.0,0.487849413449431,1.4507047238258244,-4.613270479754356e-23,0.8859715214973489,-0.4630835433704623,2.4128803318721044e-23,2.64654590669638,6.408716466304879,1.0,5.0
24.0,0.487849413449431,1.497935984326754,6.468467222245344e-23,1.0479225570112654,-0.7478724354649091,-1.669473188165529e-22,2.09083377435037,6.294441853622672,1.0,5.0
24.0,0.487849413449431,1.5084956863228642,-4.640363557101959e-24,1.0544878698787907,-0.7261331323191433,4.637548186486935e-25,2.13283648597243,6.299885165388225,1.0,5.0
24.0,0.487849413449431,1.51450007185679,3.825188087108825e-24,1.056830730577404,-0.7104278932516725,-3.425288625931653e-24,2.16410455052077,6.304180259909281,1.0,5.0
25.0,0.7782538875193787,0.42545,0.4552818974431817,0.32371615532964343,-1.410710746423993,0.7678406480874166,0.102127260569599,6.308701487174667,1.00385245107305,5.0
25.0,0.7755400461078964,0.42545,0.4583191887802487,0.21027787144718257,-1.278520752348233,0.8364606081897042,0.405184298206176,6.307451308324954,1.00440222199462,5.0
25.0,0.7782539371432391,0.42545,0.45521935374827077,0.3193665805463802,-1.4060078585410847,0.7710891345306441,0.113229528455952,6.3086590871669515,1.00387516037351,5.0
25.0,0.722389283190731,0.42545,0.5444976657877574,0.8220770071875618,-1.6225947915791614,0.16926175877011626,-0.642507683248199,6.3110727853575925,1.00205655102693,5.0
25.0,0.7744545048043153,0.42545,0.4598923451615077,0.19041232658362875,-1.2536008988603868,0.8449150483566067,0.460523345971787,6.307200553133438,1.00448387804638,5.0
25.0,0.7766078882469162,0.42545,0.45683332368442114,0.2344970305582893,-1.3082601953160518,0.8246877850405281,0.33845918418148,6.307743944347789,1.00429515293232,5.0
25.0,0.7753511705082176,0.42545,0.4618462017191745,0.4394866102248831,-1.5224097056854207,0.6647391405311809,-0.172363845053183,6.309677363701179,1.00324440099993,5.0
25.0,0.7576628160405805,0.42545,0.48538219047430053,0.02901236962725842,-1.037044388322593,0.8721102880399028,0.920300919007005,6.3047948711237405,1.00481948177363,5.0
25.0,0.7012497488346886,0.42545,0.5718504100624675,0.8984199402517182,-1.5771633536789107,0.0627032921065454,-0.634987844350125,6.3110528093207305,1.00207655111704,5.0
25.0,0.7724451483831025,0.42545,0.4673530979356132,0.4885440136807587,-1.5606685404760476,0.6121935852304631,-0.274038849030761,6.310006338421396,1.00300034888824,5.0
26.0,0.5017257390371466,-0.3171453130233324,0.1,0.5001192558902647,0.6395960930903823,-0.514595626687433,2.69736776068175,5.998979622218734,2.07160824034741,5.0
26.0,0.7536770760405421,-0.20537368391217103,0.1,0.09196016989384989,0.4522756881906049,-0.21135657343007982,2.89900448635413,4.139938050788267,5.12931873200389,5.0
26.0,0.8215799593464203,-0.11176813869491359,0.1,0.0861778476566046,0.3745653001206302,-0.2451112825496736,2.92048509277476,3.293493676287715,5.25553452285407,5.0
26.0,0.6483417460329796,-0.2973376388549014,0.1,0.2032396883201357,0.5526510484577218,-0.24936004380079085,2.85439725559322,5.129348507312735,3.88766760238198,5.0
26.0,0.4691715111754057,-0.31882468032699085,0.1,0.5807506277003309,0.4435275633515628,-0.853804870632034,2.47005920791926,6.209044217653695,1.16692494559384,5.0
26.0,0.6737346858423461,-0.2820416206544383,0.1,0.16845710661237787,0.529192277753021,-0.2326606900191753,2.86709843763861,4.92753997923246,4.18281488218342,5.0
26.0,0.6036955814079257,-0.3151227275390381,0.1,0.27534388832433976,0.5921424545691746,-0.2917005098483852,2.82671969693125,5.441375364881889,3.37580818382329,5.0
26.0,0.49660675995122255,-0.31605676164908425,0.1,0.5139688142732661,0.6358345832169874,-0.5370758963994905,2.6842512663726,6.023222324313762,1.98772711348347,5.0
26.0,0.7880726946820086,-0.15916169060288438,0.1,0.08037169393458604,0.41586381877435313,-0.22057769204452427,2.91044233694964,3.7213578911332315,5.39702818598656,5.0
26.0,0.5876427711405426,-0.5835217031089218,0.1,-0.03962742266780062,-0.29370022618077113,-0.9906686435841355,1.99488445621518,6.292753720846866,1.00151007647138,5.0
28.0,0.487849413449431,-1.4160241259987818,-2.0632582474164004e-32,-0.8288712251771314,-0.42166665258766994,-3.507216700056885e-33,2.71010870528729,6.430804827893498,1.00000000000074,5.0
28.0,0.487849413449431,-0.9415254371009614,9.517944752141046e-25,-0.1174412461813588,-0.04889726736742635,-2.900482542999228e-25,2.98436219337471,6.579677864049058,1.0,5.0
28.0,0.487849413449431,-1.4752174731912813,-5.974816760487407e-23,-1.0286389941985594,-0.7830350602112437,6.833184629511301e-23,2.02700888220941,6.286835918767974,1.0,5.0
28.0,0.487849413449431,-1.476158736381052,-2.679467021243443e-23,-1.0295280875116737,-0.7817680457158664,1.899206027095813e-23,2.02920519165195,6.287085027565228,1.00000000000929,5.0
28.0,0.487849413449431,-1.0672112407946965,2.0474249391602256e-24,-0.3066244222169532,-0.1343965615720225,-2.3375532255150986e-24,2.96188106339413,6.562019350055388,1.0,5.0
28.0,0.487849413449431,-1.5188530466461403,9.72208663243583e-25,-1.0572833172420757,-0.695932482466116,-2.1935769023449033e-24,2.19349555328488,6.308417643876056,1.0000000000017,5.0
28.0,0.487849413449431,-1.4507047264783337,-5.80303945181737e-33,-0.8859715259878873,-0.46308354681573904,8.248473247078762e-34,2.64654590111439,6.408716464489326,1.00000000000066,5.0
28.0,0.487849413449431,-1.497935983561314,-1.3505055599283904e-23,-1.0479225564612755,-0.7478724368674179,-4.787339453182628e-24,2.0908337716944,6.294441853291447,1.0,5.0
28.0,0.487849413449431,-1.508495685463264,-1.1796114347727865e-24,-1.0544878694479336,-0.7261331343358614,-5.5492779999929836e-24,2.13283648200503,6.299885164857014,1.0,5.0
28.0,0.487849413449431,-1.514500071041345,2.567884834951905e-23,-1.0568307303656967,-0.7104278956491263,7.884868651279829e-24,2.16410454570065,6.304180259230708,1.0000000000044,5.0
29.0,0.7782538875193787,-0.42545,0.4552818974431817,-0.32371615532964343,-1.410710746423993,-0.7678406480874166,0.102127260569599,6.308701487174667,1.00385245107312,5.0
29.0,0.7755400461078964,-0.42545,0.4583191887802487,-0.21027787144718257,-1.278520752348233,-0.8364606081897042,0.405184298206176,6.307451308324954,1.00440222199484,5.0
29.0,0.7782539371432391,-0.42545,0.45521935374827077,-0.3193665805463802,-1.4060078585410847,-0.7710891345306441,0.113229528455952,6.3086590871669515,1.00387516037371,5.0
29.0,0.722389283190731,-0.42545,0.5444976657877574,-0.8220770071875618,-1.6225947915791614,-0.16926175877011626,-0.642507683248199,6.3110727853575925,1.00205655102645,5.0
29.0,0.7744545048043153,-0.42545,0.4598923451615077,-0.19041232658362875,-1.2536008988603868,-0.8449150483566067,0.460523345971787,6.307200553133438,1.00448387804661,5.0
29.0,0.7766078882469162,-0.42545,0.45683332368442114,-0.2344970305582893,-1.3082601953160518,-0.8246877850405281,0.33845918418148,6.307743944347789,1.0042951529322,5.0
29.0,0.7753511705082176,-0.42545,0.4618462017191745,-0.4394866102248831,-1.5224097056854207,-0.6647391405311809,-0.172363845053183,6.309677363701179,1.00324440100022,5.0
29.0,0.7576628160405805,-0.42545,0.48538219047430053,-0.02901236962725842,-1.037044388322593,-0.8721102880399028,0.920300919007005,6.3047948711237405,1.00481948177399,5.0
29.0,0.7012497488346886,-0.42545,0.5718504100624675,-0.8984199402517182,-1.5771633536789107,-0.0627032921065454,-0.634987844350125,6.3110528093207305,1.00207655111712,5.0
29.0,0.7724451483831025,-0.42545,0.4673530979356132,-0.4885440136807587,-1.5606685404760476,-0.6121935852304631,-0.274038849030761,6.310006338421396,1.00300034888812,5.0
30.0,1.1243259110985122,-8.550085923231951e-29,-2.4255099028653306e-38,-1.0482850092950214e-12,0.14140360440596147,1.3893797062235177e-37,3.16061730520602,3.4677979810946207,37.7225720896132,5.0
30.0,1.1301741752483612,7.945407419951255e-26,-4.0115008378237695e-32,-5.221229072352933e-13,0.09276413630188335,1.018534733774574e-31,3.16897514422009,2.7798221140370623,2.85890661224493,5.0
30.0,1.1302246259355457,-1.0895970731333993e-25,6.987579819416411e-32,-2.3267683479861226e-13,0.09279513165174047,5.946989637785663e-31,3.16894654633919,2.78666430336268,2.93551683319462,5.0
30.0,1.1300115837689024,-2.5187395821299063e-25,-2.111034002070115e-32,-7.024965922822061e-14,0.09270309146712118,-2.4942687318549795e-31,3.16906046774635,2.7590018226181017,2.6380998866928,5.0
30.0,1.1056415495720766,2.1109897366503804e-26,2.647824608582616e-32,-1.298799290408401e-14,0.14872774542744566,-1.1735797996632162e-30,3.17412994399882,1.7938951610562013,1.00000000001173,5.0
30.0,1.1307296005407013,-1.9461517119298845e-25,-9.549322609346326e-32,-5.738991722807186e-13,0.09366419201755025,-8.578743673715684e-31,3.1685588322382,2.8725789590997186,4.09409881639495,5.0
30.0,1.0603516759194793,-8.749707929719924e-27,-2.2864650820439704e-33,-4.913240320921439e-16,0.3531222335795913,1.5491055407007753e-32,3.17696802360591,1.4331664644254045,1.3160351129601,5.0
30.0,1.1272978955272068,2.406313132972555e-25,2.472118582316813e-32,-1.7350387443022627e-13,0.09522162899585324,-6.673596778018253e-31,3.16990768205074,2.5271655618907567,1.09798752272044,5.0
30.0,1.0825573304567946,-5.929999559118604e-26,-2.2312178761128798e-32,1.2683890527667365e-14,0.2312221803230031,-8.006327442564758e-31,3.17982996373112,1.4535537282224966,1.0,5.0
30.0,1.1211766990120744,1.1860639155106771e-29,1.4e-322,-2.3632580723300386e-12,0.15789112937177427,-5.4e-321,3.15764761089719,3.5417956809407616,48.3108148034193,4.0
31.0,1.0006491523529137,-2.5635061115637377e-26,1.008601129682519e-34,-1.461522790516375e-13,1.2908636802661,-5.0680851188527515e-33,3.18426754944222,2.1766282718095447,1.61254932241784,5.0
31.0,1.040757549196944,6.359449256431168e-26,-1.2091619783977764e-33,1.2194672213257238e-14,0.4751126809850877,7.704551145928562e-32,3.19317390246261,1.1837587804481964,1.0,5.0
31.0,1.02275485542541,-3.3750662593305574e-28,7.827506679530223e-36,1.3064669768737968e-14,0.6794134765175741,5.880292940553411e-34,3.18968708477196,1.3379125335783206,1.00000000610103,5.0
31.0,1.0014323625900858,-6.216328930407001e-27,2.1513094048158124e-34,-1.1609468323067049e-13,1.247681970924451,-1.1150845206391793e-32,3.18447312175787,2.12283928913614,1.07977812078379,5.0
31.0,1.000681982521652,1.7301849790394549e-26,-1.9785667217482607e-34,-1.7701565585308548e-13,1.2889783827309929,1.0531536007661071e-32,3.18427659560891,2.1743493770069464,1.58666264078469,5.0
31.0,1.0169362893186034,-1.2878391060388637e-27,3.2225325394388666e-33,-1.1054773560210201e-13,0.6191622954664835,3.173392761344267e-32,3.40612229841152,0.29808325207153297,1.0,5.0
31.0,1.0060832674967426,-1.857104824223894e-26,-1.9997904788822234e-34,-9.241099094713078e-14,1.0487045535168282,8.350088856235595e-33,3.18549182318524,1.8397525969225292,1.0,5.0
31.0,0.9991937086102198,2.9929334019609247e-27,6.161092827025931e-34,-9.467275373784906e-14,1.3821207066593906,-7.434597398894286e-32,3.1838169841777,2.2791904187294043,3.17933281739853,5.0
31.0,1.0091700659318783,-6.081341558955361e-27,5.38644572325389e-35,-4.7951182432829187e-14,0.9520973128741844,-1.4598816991167235e-32,3.18618487911506,1.693177456560598,1.0,5.0
31.0,1.0446158838040709,-2.0953673077631524e-26,2.623032257229423e-33,-8.573264916407522e-15,0.42254624301925303,-7.740759604543354e-33,3.21033719574349,0.9741142200084018,1.0,5.0
32.0,0.12280054737601089,-8.037872979668553e-22,3.9794839634324433e-22,2.6923458579525717e-13,3.56185970776521,2.960852780114841e-20,1.99643318270226,6.289798118265618,1.000192614332,5.0
32.0,0.13517522216598868,1.2524037360722067e-22,1.7645027212918833e-22,-2.5973832996423827e-13,3.3794153657031685,1.2977540310625139e-20,2.03672961601498,6.287149530578716,1.00020739330699,5.0
32.0,0.1184120206863909,-8.151911227791193e-22,3.525381269861618e-22,7.481036820019663e-13,3.632160351380081,1.7591604502098274e-20,1.98157812524403,6.290690905219821,1.00018702805773,5.0
32.0,0.09187226897423059,-5.772171810911679e-22,5.7767470574060995e-22,1.978335981927299e-12,4.140547751119137,4.327454630560639e-20,1.88435768903929,6.295615443727004,1.00015092502491,5.0
32.0,0.12224304750260384,-9.064536293184151e-22,8.753070043168671e-22,6.773188505610769e-14,3.5706149141433126,4.793603309964649e-20,1.99456317014563,6.28991284881977,1.00019191334991,5.0
32.0,0.12190978057672218,-9.473397901185326e-22,3.033439919790047e-22,3.798284291606651e-13,3.5758725382284062,1.693958027127197e-20,1.99344294898557,6.2899812493644545,1.0001914930572,5.0
32.0,0.09616816749296904,-6.340630973567855e-22,1.4306037479652273e-21,1.8356441514958677e-12,4.0466193369715695,1.0940098146003834e-19,1.90104823885666,6.294870512570111,1.00015694667953,5.0
32.0,0.10326011109962825,-9.012198148343048e-22,6.400381692586364e-22,1.6667399162497444e-12,3.9024661536304395,4.021253314567501e-20,1.9277459382791,6.2935980817573345,1.00016677785248,5.0
32.0,0.15195208339914526,-1.4856493971288426e-22,1.0611273877500784e-22,-8.952934036613872e-13,3.1628436597597487,1.317637594513224e-20,2.08798841793919,6.2832277788110416,1.0002242331491,5.0
32.0,0.13640998565844414,-2.861517344675207e-23,9.348814731077919e-23,-1.5138107376643477e-13,3.36235999421922,3.842606059573813e-21,2.04062897990984,6.286874234088878,1.00020877354753,5.0
33.0,0.5368651110796109,2.6350001754991765e-21,1.3416001222175258e-24,1.7129115304123638e-12,1.2100194173876055,-5.186403185660493e-24,2.4765818269106,12.292839296053344,2.1325249945486,5.0
33.0,0.14979357878668198,5.731633535740834e-22,-9.06508845918373e-22,4.140807681714065e-12,3.244620365332391,1.5157632958642612e-20,1.72375052362253,12.554119014140461,1.00000000990243,5.0
33.0,0.11672418735877124,9.472531982329532e-22,-3.3302720920466444e-23,8.827151150484762e-12,3.709180528294502,2.6133712735224926e-21,1.61387743855326,12.563259400947116,1.00000002357857,5.0
33.0,0.9401271802044204,5.3208500877438955e-21,8.59468204733485e-35,1.64665512645111e-13,0.7776403280614176,2.2430430554085644e-33,2.86304434667281,10.724299115428307,38.9060051935072,5.0
33.0,0.8366305826012098,2.9938509775590927e-21,6.377125519233811e-26,1.3951947706619942e-13,0.6432465144497559,1.898924242706387e-24,2.77457595292128,11.359500438896644,16.0717033151961,5.0
33.0,0.911887603520311,4.876849652374951e-21,5.795895729273073e-25,-6.54066303008834e-13,0.6730613671373451,-6.295800551978539e-24,2.83655422994881,10.903018141776611,32.4366034408602,4.0
33.0,0.2884324940767434,8.502672790731072e-22,3.3744634248327956e-25,-2.684113256581835e-12,2.148871182083046,-1.8072688360287552e-22,2.07317855176149,12.501189153604178,1.00000000040244,5.0
33.0,0.4809319669506081,2.3619187688226025e-21,-2.8496452816789103e-24,1.2314189572261682e-13,1.3727117192705152,6.630627120521574e-24,2.40172895617845,12.360401749276319,1.70409151972282,5.0
33.0,0.9791257257876768,5.320815011133749e-21,1.9193339517111843e-33,-8.814608250205634e-14,1.6846190809880717,1.1590727887808482e-30,2.89948484519793,10.425231800218315,1.78515941847565,5.0
33.0,0.9231258124326784,5.320839841205189e-21,-8.08730929816118e-36,2.2853486321068226e-13,0.7023544085863881,-1.1709980849303923e-34,2.84674270261776,10.831860619452858,35.4211456958164,5.0
34.0,3.2284569046360065,-1.6689775305992154e-21,3.305310851623772e-33,-6.141051683887223e-14,-2.864106990137858,2.6954673211530464e-34,2.84034020787185,17.055433548002025,9.98630884468217,5.0
34.0,3.9613638050314037,-1.3161025649493955e-21,-1.1980434985212576e-22,1.8459941214197333e-13,-3.807532345360305,8.007762987521625e-23,1.70049015771495,18.819655893447546,2.35407352636395,5.0
34.0,3.608650240030973,-1.6698165915406186e-21,3.8309440738742726e-24,-7.831080393175466e-15,-3.343563731771626,-1.901172353767451e-25,2.39786299494632,18.589556281966402,5.41268423446889,5.0
34.0,3.2956910882703574,-1.7120562236221183e-21,-7.584384770926297e-25,-3.409155948103363e-14,-2.9475670384439265,5.236697446392282e-26,2.78123545485518,17.608678971599044,59.4856920566483,4.0
34.0,3.465463544411295,-1.6161601640338592e-21,-4.832681158966075e-26,6.724647142570499e-14,-3.162004257318031,-5.788954294974925e-26,2.58909399770161,18.338583000346564,12.2087491332141,5.0
34.0,3.2264862584548486,-1.6689585930765494e-21,-1.069690455293475e-32,-6.749324928962614e-14,-2.8629693190905443,-1.3354468058745532e-33,2.83451584675355,16.928692691322805,107.331783331564,4.0
34.0,3.573505123669421,-1.679034722008932e-21,1.5644120552637534e-25,2.0946126142926972e-14,-3.298835595404441,-2.8669572071040226e-26,2.44802174572555,18.543839798010236,6.34092451064549,5.0
34.0,4.01307452875561,-1.4001334784301718e-21,-4.9023427775612154e-21,6.786956987241045e-13,-3.8807690781226203,2.853703087092206e-22,1.54326078313369,18.836082540012107,2.13317480384663,5.0
34.0,3.293427891392994,-1.7044440794692492e-21,2.6775593689616364e-25,-3.4162603743938194e-14,-2.944704335954753,-9.133925850569102e-26,2.78361006935743,17.594329958750738,60.7059826047555,4.0
34.0,3.5916753708416085,-1.6823408705440273e-21,4.634074308068302e-24,8.841893731172135e-15,-3.321943543942363,-2.735024951752717e-25,2.42237852921712,18.568420405759458,5.82547979891869,5.0
35.0,4.173983460594862,-4.185628725668416e-23,-7.604268519566419e-23,-5.0948034780148915e-14,-3.88619905908676,2.327963194964717e-24,2.79918459658758,25.170361679208888,4.1818717175308,5.0
35.0,4.467301484986755,-2.5392825602705402e-23,1.2791043586275436e-22,-1.4354344812283597e-13,-4.241034124326818,-3.3028006077524566e-24,2.41845445567177,25.142801232454413,5.03908014257079,5.0
35.0,3.7228136170120725,5.169352543389438e-23,3.3022925965828595e-23,-2.1330715043445172e-13,-3.347987252916589,-1.167193195442631e-24,3.18818191861722,25.184086563690403,2.3134857353215,5.0
35.0,4.943563365393939,1.1161234856169032e-22,-1.6672693676537664e-28,1.098615753024772e-12,-4.857042821562168,-4.823163535774179e-30,1.25276796305458,25.118953510445614,2.31419581322181,5.0
35.0,4.366995584789087,-4.91146463103312e-23,-4.6733891501202265e-22,-7.430482545135611e-14,-4.118842741085171,7.335942411187256e-24,2.56413716452001,25.152784064702647,4.83138085002468,5.0
35.0,4.749355867868025,-4.2305215533359245e-23,-1.1639584665737698e-21,-1.3959406685233856e-13,-4.593813252451033,1.1145679486733034e-22,1.87465291118885,25.118875106720466,4.68942126577871,5.0
35.0,3.804191659133817,4.3869964763007996e-23,-2.3723740239836628e-24,-1.644608724837245e-13,-3.4448950217147614,9.352216231662573e-25,3.13089545026581,25.185528588486573,2.63047144180755,5.0
35.0,4.0993439051045995,-2.7833255682347584e-23,-1.0362027141102667e-22,-1.1477232023086987e-15,-3.796820743644742,3.815617656651191e-24,2.87711340040727,25.175865951763438,3.87864957882675,5.0
35.0,4.869632747654645,1.5480562906929342e-22,-2.4532199983300628e-21,-2.2245458311584056e-12,-4.752806727059971,7.878223511346567e-22,1.53512004520917,25.115348274500352,3.68171541949576,5.0
35.0,4.691453062271811,-1.9464085430714037e-22,-3.90332211554619e-23,-1.9977091314182383e-13,-4.519757144645225,1.3565473761837407e-23,2.00812807703475,25.12264640307297,4.92354895442372,5.0
36.0,0.31151217842840134,2.854583643333154e-20,7.235076777524742e-23,-1.5594864418859552e-12,1.8036365046302065,-4.801148885434588e-22,2.98405519741538,6.236458260953674,1.0,5.0
36.0,0.11510176279188854,2.8970243516350277e-20,3.445736590879089e-21,-3.7448613450599835e-12,3.60680307397884,6.037062189286358e-18,2.5578983754959,6.288680100500558,1.00000892496419,5.0
36.0,0.40436694784057464,2.8938632301363704e-20,5.321492091227793e-24,-4.6829124919894255e-14,1.3628704617664014,-4.950251053722104e-23,3.09112017238386,6.16588783722607,1.0,5.0
36.0,0.08683138322431819,2.8535095117225375e-20,3.0909750109874903e-21,-5.810366326784044e-12,4.187921822104567,-2.5653086843192605e-18,2.45601052953378,6.293685548498692,1.00000000717158,5.0
36.0,0.3518634274843423,2.839280589307709e-20,2.962381023095124e-25,-6.689740101027712e-13,1.5980703779846541,1.442238338066273e-22,3.03572425773164,6.213562019863996,1.00000000001833,5.0
36.0,0.09718637931984038,2.8749404701469647e-20,1.3321200051768328e-21,-4.193056691646892e-12,3.951098556014734,-1.5527706550997665e-18,2.49536566653153,6.291837994495957,1.00000000778077,5.0
36.0,0.08645038864165375,2.85737825835405e-20,-1.2457515335456457e-21,-6.721722412355692e-12,4.19728918750336,7.634201177499266e-19,2.45451203074493,6.2937541394357215,1.00000000509289,5.0
36.0,0.20669709863162475,2.889797298872979e-20,-7.546496143556961e-21,-3.668721171285765e-13,2.5099345927163297,1.904037654024455e-20,2.80179610035826,6.2707984445229,1.00000000022356,5.0
36.0,0.24338495196790846,2.760150275304963e-20,3.810923994606822e-21,-1.425067701874076e-13,2.2245786123542555,-1.6418989943632894e-20,2.87472976157181,6.26140740952143,1.00000000007718,5.0
36.0,0.25792955984971205,2.7440206717772755e-20,-4.321302938031832e-22,-4.527750532293557e-13,2.124699948406029,1.7251439726409698e-21,2.9007023704226,6.257061061504671,1.00000000006239,5.0
37.0,0.7036110073259522,-1.4384707636193605e-22,1.0135837883285192e-25,7.357521261600671e-13,0.7846632741641227,-3.0493976483593993e-25,2.72514272670778,18.055653488347396,12.6728315202011,5.0
37.0,0.5668133420328635,-1.7400939021854506e-22,7.254399262261932e-25,-2.29681787209117e-13,1.0917543137815553,-1.6545420375722102e-24,2.59954053432321,18.463373047642612,5.58104159532238,5.0
37.0,0.5957435732406747,-1.1482627175165314e-22,-7.123959204912993e-26,5.396277535586081e-13,1.0186332649532204,6.524333820458654e-26,2.62934315418018,18.401025077248125,6.50579388147216,5.0
37.0,0.3515565282376706,5.731253394927669e-23,-2.9619541022043515e-24,-9.989461918094929e-12,1.8126018524774956,8.719649511868586e-24,2.3083732079801,18.720268286356855,2.26422690409,5.0
37.0,0.6814533440065611,-1.5738967735098774e-22,2.0990213496913634e-25,6.274023671720807e-13,0.8275537412235345,-5.42816996753017e-25,2.70730031416316,18.144295368114662,10.9113216218959,5.0
37.0,0.48873258673266035,-2.392564528742203e-22,-4.203007821505439e-24,-2.8137298890943526e-12,1.3125367624738602,8.642980934773336e-24,2.50922556515415,18.58991633343728,3.86521916134168,5.0
37.0,0.7220947389084885,-1.5736651629346817e-22,8.901398236510322e-26,5.765768450541069e-13,0.7511864516413967,-1.2728260228682128e-25,2.73937028445128,17.973369329124786,14.4328718637498,5.0
37.0,0.46829563470174845,-6.389558182828322e-23,-1.4165590547678168e-24,-4.372689556359727e-12,1.3766996617326825,2.829654781361236e-24,2.4829884060198,18.615302798442556,3.54432994932561,5.0
37.0,0.7400001480926923,-8.834656598194155e-23,7.898462860918281e-26,5.299697921144264e-13,0.7209422240223601,-1.1381222224007325e-25,2.75262328452821,17.886039465709732,16.4476915156428,5.0
37.0,0.7981730207409811,-1.8445750853527605e-22,1.114713711040252e-26,2.9749691483618754e-13,0.6407701601821054,-1.1544001245127951e-25,2.79277316269564,17.550063359103977,26.088342447035,5.0
38.0,0.1341381628417203,5.426658415590955e-20,1.311890486876389e-25,1.714440507256328e-12,3.2298917522973487,2.4073076028875438e-23,3.11973123406126,6.4461758050873685,6.96706275240586,5.0
38.0,0.047475586043192096,5.24888306539908e-20,-2.517369233427917e-26,5.203445212136855e-13,5.508744546803992,-5.30848730008435e-23,2.81658849832663,6.309380164388716,7.58699081766368,5.0
38.0,0.010831941869329198,5.2207089125486897e-20,-2.3384431290829974e-24,1.4964582825975324e-11,9.132927436618912,-9.524991326337176e-21,2.57988129723215,6.274126665437693,5.93210729942851,5.0
38.0,0.0729368734499645,5.257381256975982e-20,9.345131482176508e-26,-5.964372035648853e-13,4.507956062253277,-8.552826708088367e-24,2.92983738629283,6.339462727145724,8.34270001438871,5.0
38.0,0.23251479691633337,5.540943810442148e-20,-1.6309311425598257e-24,7.409482035291587e-13,2.2068685502301832,-3.0994573412239837e-24,3.29107277086194,6.533228254319498,2.2021702372777,5.0
38.0,0.05092175425847597,5.2473859806934315e-20,4.751866963161714e-25,-8.825972529771782e-13,5.340342949675066,1.12274974620866e-22,2.83359793684367,6.313027410437774,7.71601676249532,5.0
38.0,0.1870311469645066,5.465815466688043e-20,-5.511589036547388e-25,2.6042324136907466e-12,2.6001302157206374,1.7724848823449197e-23,3.22372536650274,6.53012373970924,3.60588548851809,5.0
38.0,0.010206097743194998,5.220233229776461e-20,-8.78782130117024e-59,2.3178326589212102e-11,9.264033047046311,1.1256389171084125e-54,2.57438471696111,6.273492187991523,5.89459770953467,5.0
38.0,0.011124929051610498,5.219729977908902e-20,1.0140291814773074e-35,9.668787003013768e-12,9.073352199737233,-3.465921583512498e-32,2.58242644020054,6.274421821514426,5.93999010083794,5.0
38.0,0.06554616839753158,5.2591062796770343e-20,7.617649444481333e-25,-4.011245554018626e-14,4.749662987619045,3.4146110574199707e-22,2.89967780382019,6.329921932881173,8.17720037171217,5.0
39.0,0.3947590300267131,-6.583330433469421e-23,-2.166770857237676e-23,3.108809548665672e-13,1.4848314798987132,4.5411157912626585e-21,2.84745910767505,12.570607660440619,1.00000000009715,5.0
39.0,0.4657406071841818,-4.424008060249367e-22,-2.1941586488440533e-22,1.0443819281447818e-14,1.2134039209544922,4.136099935761396e-22,2.9253117209227,12.475405118011915,1.0,5.0
39.0,0.37008105284581927,3.865998506286167e-22,-5.938337584169001e-23,5.454004645567474e-13,1.590963137277678,3.116124188740175e-22,2.8139854659881,12.600121262722768,1.04770417119991,5.0
39.0,0.31482070834077985,-2.7974919676799104e-21,3.1006456419256006e-24,1.9259267146791853e-12,1.8616539187417174,6.251565805341804e-24,2.71188683247404,12.723418075765036,1.00000000122646,5.0
39.0,0.3915875476008793,-7.337080981339555e-23,-1.1171824821812798e-22,2.753892855368783e-13,1.4980784587441516,1.090653726728174e-21,2.84337314859993,12.574354582886755,1.00000000013365,5.0
39.0,0.38969552727951834,-7.950105494241141e-23,-6.182911441211208e-23,2.8970312348899927e-13,1.5060340026890469,1.0932637077121626e-21,2.84090692146635,12.576589380879927,1.00000000011484,5.0
39.0,0.31679419630633965,-3.195169822275978e-21,-2.3523078329821335e-24,2.2081919214732472e-12,1.8502834736319034,3.4561289937231795e-23,2.71919466636341,12.704841070747896,1.00000000062118,5.0
39.0,0.3555682848795874,-2.704065500792297e-21,-8.668842194762598e-25,5.381637251013492e-12,1.6743777485917892,5.321401820272035e-23,2.73417343147346,12.886155999960742,9.14359433672616,5.0
39.0,0.5622454412896422,2.9541892373047785e-23,-1.6950134329344734e-24,-3.2419645881000556e-16,0.9025842626843101,9.456370490699411e-24,2.99817055766877,12.220501068838407,1.0,5.0
39.0,0.47286250414939723,-4.243877804657607e-22,-8.821695758613714e-23,-4.546423118397879e-14,1.188453769289298,-8.12543570120626e-23,2.9318604178676,12.463449306146613,1.00000000001512,5.0
40.0,0.9566690127212407,8.270517523852972e-22,1.3246058092240947e-33,2.369053496977505e-13,0.8939878650389216,-9.889405761603485e-32,2.93465909442206,22.581921322477687,167.435844667096,4.0
40.0,0.8045173124110969,-2.469569936663589e-21,-1.2763722160081011e-25,1.861953650499044e-13,0.6225966975911227,-1.3311750364655385e-25,2.81139359941734,23.642291820799173,48.7934379826668,5.0
40.0,0.9738345246321654,8.271473226597353e-22,-2.1572525389496768e-34,1.7614432839561132e-13,1.3108027755158422,-3.055495379934195e-32,2.96788516263791,22.604337772984923,135.944952269203,3.0
40.0,0.5220791545843111,-2.1517381486009e-21,-4.3428693551938115e-24,-3.727029560016224e-12,1.2016190618531994,1.0558498702531816e-23,2.57907190605139,24.806232675957606,6.63108002092054,5.0
40.0,0.5856131528525215,-2.2273722804892235e-21,-4.2442918539558655e-25,-1.8352055226378517e-12,1.0311768787990114,3.02134742358063e-24,2.64518219157371,24.671258633218187,9.73129249873334,5.0
40.0,0.46904072973505373,-2.6087505104953363e-21,-1.4131122590071734e-23,-4.293944458177664e-13,1.3625229942048174,2.6360126943632058e-24,2.5162195204236,24.890093697480662,4.86692456003572,5.0
40.0,0.2606873136852733,-3.5764709072114564e-21,-2.8269723722791924e-24,1.2645500262584637e-11,2.2715617581655048,7.141592618643855e-22,2.18267599650241,25.121672740134567,1.00000000278403,5.0
40.0,0.663238158529099,-2.315708552465192e-21,1.1445194359855839e-24,9.286873781058064e-14,0.8521520259757868,-1.902516456808965e-24,2.71386067029058,24.428258495639223,16.2172265285484,5.0
40.0,0.7809510199778374,-2.387957815887468e-21,6.67937203561324e-26,7.537609934932432e-13,0.6493026622707075,-1.5957513419866465e-25,2.79684947422784,23.807440380624094,39.7460618936545,5.0
40.0,0.8541171544447267,-3.1259921363844636e-21,-1.2632015278977728e-24,-2.359767533477358e-13,0.5914580666005134,2.2824510661020707e-24,2.84211087256333,23.26589306859328,78.2260492983953,4.0
41.0,0.2907350950097744,4.54060422268853e-20,1.7521596679445666e-21,1.146985353659026e-12,1.7032708422530813,-7.619396117396055e-21,3.74117422177751,6.285224524587983,1.0,5.0
41.0,0.2919846281532581,4.542166046337698e-20,2.564805540675092e-22,1.8031777034475938e-12,1.6953518499806608,-2.628975332492045e-21,3.74207933540673,6.285437766955547,1.0,5.0
41.0,0.4130496000110229,4.5042458884918026e-20,-1.9577757573107018e-22,-8.06869864088238e-12,1.0446341253111369,2.5150389144593257e-22,3.76814164377915,6.311043222906575,1.00052248473494,5.0
41.0,0.24561517884763262,4.526535046736557e-20,-4.642106067456529e-22,-2.0408039358995883e-13,2.014692535681921,2.419903953043543e-21,3.69878747787639,6.2788972450100955,1.00000000017347,5.0
41.0,0.191950104842961,4.612051278419239e-20,8.243262551501688e-22,-2.1727267018152033e-13,2.4750928472641935,-2.6837667123239523e-21,3.62131352160974,6.275431573817626,1.0,5.0
41.0,0.3574038395416463,4.510365194170136e-20,-3.1781631003618227e-22,5.8419330392952865e-12,1.3197179493097038,5.236075161694771e-22,3.77079278138217,6.298548478596635,1.0,5.0
41.0,0.3028851943965489,4.5422974514238673e-20,-2.8089483423479746e-22,9.443924989450274e-14,1.627629207193102,2.3646576706480205e-21,3.74938804873697,6.287371898696104,1.0,5.0
41.0,0.2510677234897224,4.51988428042037e-20,-2.582425620983408e-21,-1.1586446155497475e-13,1.9740825728553408,1.4273659633191576e-20,3.70494824067533,6.279506990271826,1.00000000011714,5.0
41.0,0.17784802958338805,4.655536807736117e-20,1.3404409816822332e-22,-2.086338273252741e-12,2.6200619261474634,1.6862037509508998e-21,3.59539749671785,6.275290459062331,1.0,5.0
41.0,0.11378854433581169,4.6604400852321665e-20,-2.4580173907085542e-23,-1.4913431842252459e-12,3.5053177525805825,1.4751982234405256e-20,3.44122600197877,6.278229128448962,1.00000000163789,5.0
42.0,1.3700211173044035,2.4293477288102636e-21,-2.171769943828292e-23,3.6347207245209547e-12,-0.9895702710607115,-5.934921546110459e-22,2.39071193923656,18.738596109044966,1.39051727727147,5.0
42.0,1.3891328428508614,3.3593582564025194e-20,-3.6513085674669604e-22,8.563751707457537e-13,-1.0239640690403415,-6.765541850364982e-21,2.35166718761631,18.768242485893513,1.20946117137491,5.0
42.0,1.442667102545676,3.55805729196341e-20,-4.1171146965260924e-25,4.040664470408471e-12,-1.0692022209442216,5.275263950861463e-25,2.34956432928665,19.05524647478735,13.1540801131089,5.0
42.0,1.455213075800154,3.548778121137718e-20,-4.0053847438084615e-24,1.4483049766553296e-12,-1.1109313073245433,1.537164821553021e-24,2.28190053414526,18.986737367819877,6.75179384500005,5.0
42.0,1.3957457482238784,2.11306544178457e-21,9.564644457696483e-23,-4.3482619246710795e-13,-1.0358216165980887,4.8769689139833966e-21,2.33805511484982,18.778608739195917,1.14829568179879,5.0
42.0,1.2760034954271455,2.2262796696519454e-21,3.940345226032619e-34,6.267305755991236e-13,-0.8259092341613332,-2.310845569563994e-33,2.56413698817917,18.56542884996055,3.19031107665765,5.0
42.0,1.3123766886134298,3.2550822681764254e-20,-3.417838171180321e-23,7.941023457665492e-12,-0.8873764529679764,-1.035401472726473e-22,2.50140298580493,18.641313585685218,2.2369635838654,5.0
42.0,1.400192203831849,2.0114227064847716e-21,2.0062054151714732e-20,1.9872008009246734e-13,-1.0437635136213934,5.356256326015548e-16,2.32891085565503,18.785676375574237,1.10552773679061,5.0
42.0,1.418170547904855,3.536731276452824e-20,-2.3280547471261113e-24,9.158521442550988e-12,-1.005602447341672,3.262192812253742e-24,2.43774097400025,19.12874405657736,16.1568339018278,5.0
42.0,1.4561649776789134,3.5460670319178396e-20,6.646110504886983e-24,4.5344717164075093e-14,-1.1266936658115927,-1.5012771646880818e-24,2.24842306289931,18.93339768929659,2.63821058013387,5.0
